-- Generated by Oracle SQL Developer Data Modeler 18.2.0.179.0756
--   at:        2018-11-27 14:15:46 EST
--   site:      Oracle Database 11g
--   type:      Oracle Database 11g



CREATE TABLE bracket (
    bracketid   CHAR(8 BYTE) NOT NULL,
    stage       VARCHAR2(20 BYTE) NOT NULL,
    startdate   DATE NOT NULL,
    enddate     DATE NOT NULL
);

COMMENT ON COLUMN bracket.stage IS
    'qualifiers
semi-finals
finals';

ALTER TABLE bracket ADD CONSTRAINT bracketpk PRIMARY KEY ( bracketid );

CREATE TABLE bracketplacement (
    bracketid   CHAR(8 BYTE) NOT NULL,
    teamid      CHAR(4 BYTE) NOT NULL
);

ALTER TABLE bracketplacement ADD CONSTRAINT bracketplacementpk PRIMARY KEY ( bracketid,
                                                                             teamid );

CREATE TABLE developer (
    developerid     CHAR(8 BYTE) NOT NULL,
    developername   VARCHAR2(100 BYTE) NOT NULL
);

ALTER TABLE developer ADD CONSTRAINT developerpk PRIMARY KEY ( developerid );

CREATE TABLE game (
    gameid            CHAR(8 BYTE) NOT NULL,
    developerid       CHAR(8 BYTE) NOT NULL,
    gamename          VARCHAR2(100 BYTE) NOT NULL,
    gamedescription   VARCHAR2(500 BYTE)
);

ALTER TABLE game ADD CONSTRAINT gamepk PRIMARY KEY ( gameid );

CREATE TABLE gamemode (
    gamemodeid            CHAR(4 BYTE) NOT NULL,
    gameid                CHAR(8 BYTE) NOT NULL,
    gamemodename          VARCHAR2(50 BYTE) NOT NULL,
    gamemodedescription   VARCHAR2(300 BYTE) NOT NULL
);

ALTER TABLE gamemode ADD CONSTRAINT gamemodepk PRIMARY KEY ( gamemodeid );

CREATE TABLE match (
    matchid      CHAR(8 BYTE) NOT NULL,
    gamemodeid   CHAR(4 BYTE) NOT NULL,
    teamid1      CHAR(4 BYTE) NOT NULL,
    teamid2      CHAR(4 BYTE) NOT NULL,
    gamedate     DATE NOT NULL
);

ALTER TABLE match ADD CONSTRAINT matchespk PRIMARY KEY ( matchid );

CREATE TABLE player (
    playerid         CHAR(8 BYTE) NOT NULL,
    firstname        VARCHAR2(30 BYTE) NOT NULL,
    lastname         VARCHAR2(30 BYTE) NOT NULL,
    leaguejoindate   DATE NOT NULL,
    phonenumber      NUMBER(10) NOT NULL,
    street           VARCHAR2(100 BYTE) NOT NULL,
    city             VARCHAR2(30 BYTE) NOT NULL,
    state            VARCHAR2(30 BYTE) NOT NULL,
    zip              NUMBER(5) NOT NULL,
    teamid           CHAR(4 BYTE) NOT NULL
);

ALTER TABLE player ADD CONSTRAINT playerpk PRIMARY KEY ( playerid );

CREATE TABLE playerranking (
    playerid     CHAR(8) NOT NULL,
    gamemodeid   CHAR(4 BYTE) NOT NULL,
    rank         VARCHAR2(15 BYTE) NOT NULL
);

ALTER TABLE playerranking ADD CONSTRAINT playerrankingpk PRIMARY KEY ( playerid,
                                                                       gamemodeid );

CREATE TABLE referee (
    refereeid        CHAR(8 BYTE) NOT NULL,
    firstname        VARCHAR2(50 BYTE) NOT NULL,
    lastname         VARCHAR2(50 BYTE) NOT NULL,
    leaguejoindate   DATE NOT NULL
);

ALTER TABLE referee ADD CONSTRAINT refereepk PRIMARY KEY ( refereeid );

CREATE TABLE referees (
    refereeid   CHAR(8 BYTE) NOT NULL,
    matchid     CHAR(8 BYTE) NOT NULL
);

ALTER TABLE referees ADD CONSTRAINT refereespk PRIMARY KEY ( refereeid,
                                                             matchid );

CREATE TABLE sponsor (
    sponsorid     CHAR(8 BYTE) NOT NULL,
    sponsorname   VARCHAR2(100 BYTE) NOT NULL,
    category      VARCHAR2(10 BYTE) NOT NULL
);

ALTER TABLE sponsor ADD CONSTRAINT sponsorpk PRIMARY KEY ( sponsorid );

CREATE TABLE sponsorships (
    sponsorid   CHAR(8 BYTE) NOT NULL,
    teamid      CHAR(4 BYTE) NOT NULL,
    startdate   DATE NOT NULL,
    enddate     DATE NOT NULL
);

ALTER TABLE sponsorships ADD CONSTRAINT sponsorships_pk PRIMARY KEY ( sponsorid,
                                                                      teamid );

CREATE TABLE team (
    teamid             CHAR(4 BYTE) NOT NULL,
    teamcaptain        CHAR(8 BYTE) NOT NULL,
    teamname           VARCHAR2(50 BYTE) NOT NULL,
    datejoinedleague   DATE NOT NULL,
    datedisbanded      DATE,
    wins               NUMBER(2) NOT NULL,
    draws              NUMBER(2) NOT NULL,
    losses             NUMBER(2) NOT NULL
);

ALTER TABLE team ADD CONSTRAINT teamspk PRIMARY KEY ( teamid );

CREATE TABLE teamroster (
    teamid      CHAR(4 BYTE) NOT NULL,
    playerid    CHAR(8 BYTE) NOT NULL,
    startdate   DATE NOT NULL,
    enddate     DATE NOT NULL
);

ALTER TABLE teamroster ADD CONSTRAINT teamrosterpk PRIMARY KEY ( teamid,
                                                                 playerid );

ALTER TABLE bracketplacement
    ADD CONSTRAINT bracketplacementbracketfk FOREIGN KEY ( bracketid )
        REFERENCES bracket ( bracketid );

ALTER TABLE bracketplacement
    ADD CONSTRAINT bracketplacementteamfk FOREIGN KEY ( teamid )
        REFERENCES team ( teamid );

ALTER TABLE game
    ADD CONSTRAINT gamedeveloperfk FOREIGN KEY ( developerid )
        REFERENCES developer ( developerid );

ALTER TABLE gamemode
    ADD CONSTRAINT gamemodegamefk FOREIGN KEY ( gameid )
        REFERENCES game ( gameid );

ALTER TABLE match
    ADD CONSTRAINT matchesgamemodefk FOREIGN KEY ( gamemodeid )
        REFERENCES gamemode ( gamemodeid );

ALTER TABLE match
    ADD CONSTRAINT matchesteamsfk FOREIGN KEY ( teamid1 )
        REFERENCES team ( teamid );

ALTER TABLE match
    ADD CONSTRAINT matchesteamsfkv2 FOREIGN KEY ( teamid2 )
        REFERENCES team ( teamid );

ALTER TABLE playerranking
    ADD CONSTRAINT playerrankinggamemodefk FOREIGN KEY ( gamemodeid )
        REFERENCES gamemode ( gamemodeid );

ALTER TABLE playerranking
    ADD CONSTRAINT playerrankingplayerfk FOREIGN KEY ( playerid )
        REFERENCES player ( playerid );

ALTER TABLE referees
    ADD CONSTRAINT refereesmatchfk FOREIGN KEY ( matchid )
        REFERENCES match ( matchid );

ALTER TABLE referees
    ADD CONSTRAINT refereesrefereefk FOREIGN KEY ( refereeid )
        REFERENCES referee ( refereeid );

ALTER TABLE sponsorships
    ADD CONSTRAINT sponsorshipssponsorfk FOREIGN KEY ( sponsorid )
        REFERENCES sponsor ( sponsorid );

ALTER TABLE sponsorships
    ADD CONSTRAINT sponsorshipsteamfk FOREIGN KEY ( teamid )
        REFERENCES team ( teamid );

ALTER TABLE team
    ADD CONSTRAINT teamplayerfk FOREIGN KEY ( teamcaptain )
        REFERENCES player ( playerid );

ALTER TABLE teamroster
    ADD CONSTRAINT teamrosterplayerfk FOREIGN KEY ( playerid )
        REFERENCES player ( playerid );

ALTER TABLE teamroster
    ADD CONSTRAINT teamrosterteamsfk FOREIGN KEY ( teamid )
        REFERENCES team ( teamid );



-- Oracle SQL Developer Data Modeler Summary Report: 
-- 
-- CREATE TABLE                            14
-- CREATE INDEX                             0
-- ALTER TABLE                             30
-- CREATE VIEW                              0
-- ALTER VIEW                               0
-- CREATE PACKAGE                           0
-- CREATE PACKAGE BODY                      0
-- CREATE PROCEDURE                         0
-- CREATE FUNCTION                          0
-- CREATE TRIGGER                           0
-- ALTER TRIGGER                            0
-- CREATE COLLECTION TYPE                   0
-- CREATE STRUCTURED TYPE                   0
-- CREATE STRUCTURED TYPE BODY              0
-- CREATE CLUSTER                           0
-- CREATE CONTEXT                           0
-- CREATE DATABASE                          0
-- CREATE DIMENSION                         0
-- CREATE DIRECTORY                         0
-- CREATE DISK GROUP                        0
-- CREATE ROLE                              0
-- CREATE ROLLBACK SEGMENT                  0
-- CREATE SEQUENCE                          0
-- CREATE MATERIALIZED VIEW                 0
-- CREATE MATERIALIZED VIEW LOG             0
-- CREATE SYNONYM                           0
-- CREATE TABLESPACE                        0
-- CREATE USER                              0
-- 
-- DROP TABLESPACE                          0
-- DROP DATABASE                            0
-- 
-- REDACTION POLICY                         0
-- 
-- ORDS DROP SCHEMA                         0
-- ORDS ENABLE SCHEMA                       0
-- ORDS ENABLE OBJECT                       0
-- 
-- ERRORS                                   0
-- WARNINGS                                 0






--INSERTS FOR PLAYER TABLE
insert into player (playerID, firstName, lastName, leagueJoinDate, phoneNumber, street, city, state, zip, teamID) values (99052761, 'Natasha', 'Swiffin', '30-JUL-16', '2151433319', '911 Tony Place', 'Philadelphia', 'Pennsylvania', '19131', 'TLIQ');
insert into player (playerID, firstName, lastName, leagueJoinDate, phoneNumber, street, city, state, zip, teamID) values (60535874, 'Rhoda', 'Helliar', '19-MAR-17', '3124025748', '863 Artisan Circle', 'Chicago', 'Illinois', '60609', 'OPTG');
insert into player (playerID, firstName, lastName, leagueJoinDate, phoneNumber, street, city, state, zip, teamID) values (40179815, 'Alejoa', 'Kosel', '18-SEP-17', '8125472759', '744 Reindahl Plaza', 'Evansville', 'Indiana', '47737', 'CLG');
insert into player (playerID, firstName, lastName, leagueJoinDate, phoneNumber, street, city, state, zip, teamID) values (74137655, 'Wyatan', 'Dearness', '17-SEP-17', '2052652513', '8864 Declaration Hill', 'Birmingham', 'Alabama', '35236', 'C9');
insert into player (playerID, firstName, lastName, leagueJoinDate, phoneNumber, street, city, state, zip, teamID) values (44387003, 'Ermin', 'MacGille', '11-NOV-16', '9418283341', '5 Toban Circle', 'Port Charlotte', 'Florida', '33954', 'EFOX');
insert into player (playerID, firstName, lastName, leagueJoinDate, phoneNumber, street, city, state, zip, teamID) values (93936355, 'Trixy', 'Clover', '31-JAN-17', '8502698646', '0377 Drewry Crossing', 'Pensacola', 'Florida', '32511', 'TLIQ');
insert into player (playerID, firstName, lastName, leagueJoinDate, phoneNumber, street, city, state, zip, teamID) values (22132327, 'Bradley', 'Tomblings', '27-SEP-18', '8631658980', '284 Melrose Hill', 'Lakeland', 'Florida', '33811', 'CLG');
insert into player (playerID, firstName, lastName, leagueJoinDate, phoneNumber, street, city, state, zip, teamID) values (72543581, 'Wash', 'Fullick', '13-MAR-18', '4107917863', '75 Cottonwood Street', 'Baltimore', 'Maryland', '21290', 'CLG');
insert into player (playerID, firstName, lastName, leagueJoinDate, phoneNumber, street, city, state, zip, teamID) values (48139564, 'Octavia', 'Warricker', '21-OCT-17', '3038588941', '9 Forest Dale Way', 'Littleton', 'Colorado', '80161', 'OPTG');
insert into player (playerID, firstName, lastName, leagueJoinDate, phoneNumber, street, city, state, zip, teamID) values (65214405, 'Hannis', 'Issitt', '13-MAR-18', '7865534443', '47397 Quincy Street', 'Miami', 'Florida', '33180', 'IG');
insert into player (playerID, firstName, lastName, leagueJoinDate, phoneNumber, street, city, state, zip, teamID) values (61366023, 'Eddi', 'Marieton', '16-JAN-17', '5024358743', '3034 Atwood Alley', 'Migrate', 'Kentucky', '41905', 'C9');
insert into player (playerID, firstName, lastName, leagueJoinDate, phoneNumber, street, city, state, zip, teamID) values (49649938, 'Gwendolen', 'Mascall', '24-JUN-17', '7347499195', '39009 Summerview Parkway', 'Ann Arbor', 'Michigan', '48107', 'EFOX');
insert into player (playerID, firstName, lastName, leagueJoinDate, phoneNumber, street, city, state, zip, teamID) values (97634970, 'Romona', 'Olivie', '04-JAN-18', '5184695280', '5 Pawling Center', 'Albany', 'New York', '12237', 'GG');
insert into player (playerID, firstName, lastName, leagueJoinDate, phoneNumber, street, city, state, zip, teamID) values (50600454, 'Amaleta', 'Doubleday', '20-AUG-18', '7735182471', '19469 Burrows Center', 'Chicago', 'Illinois', '60619', 'RNG');
insert into player (playerID, firstName, lastName, leagueJoinDate, phoneNumber, street, city, state, zip, teamID) values (65255345, 'Elfrida', 'Batrim', '23-DEC-15', '9512487917', '13875 Dorton Road', 'Moreno Valley', 'California', '92555', 'C9');
insert into player (playerID, firstName, lastName, leagueJoinDate, phoneNumber, street, city, state, zip, teamID) values (42446905, 'Orelia', 'Bowdery', '29-NOV-16', '9153144854', '85 Anthes Lane', 'El Paso', 'Texas', '88530', 'TLIQ');
insert into player (playerID, firstName, lastName, leagueJoinDate, phoneNumber, street, city, state, zip, teamID) values (99725931, 'Lisabeth', 'Drewitt', '14-DEC-15', '5591382539', '5 Eastwood Way', 'Fresno', 'California', '93726', 'GG');
insert into player (playerID, firstName, lastName, leagueJoinDate, phoneNumber, street, city, state, zip, teamID) values (45220895, 'Montgomery', 'Crewe', '10-JAN-18', '4052938645', '7734 Sycamore Place', 'Oklahoma City', 'Oklahoma', '73119', 'IG');
insert into player (playerID, firstName, lastName, leagueJoinDate, phoneNumber, street, city, state, zip, teamID) values (10459875, 'Mariam', 'Checchetelli', '06-FEB-16', '2142306942', '32 Lindbergh Circle', 'Dallas', 'Texas', '75260', 'TLIQ');
insert into player (playerID, firstName, lastName, leagueJoinDate, phoneNumber, street, city, state, zip, teamID) values (71161686, 'Lenka', 'Broadberry', '04-NOV-18', '3034157382', '74 Dixon Park', 'Boulder', 'Colorado', '80310', 'OPTG');
insert into player (playerID, firstName, lastName, leagueJoinDate, phoneNumber, street, city, state, zip, teamID) values (52946455, 'Darcie', 'McGeown', '20-NOV-18', '2626289038', '7608 Westerfield Lane', 'Racine', 'Wisconsin', '53405', 'OPTG');
insert into player (playerID, firstName, lastName, leagueJoinDate, phoneNumber, street, city, state, zip, teamID) values (75408381, 'Norton', 'Bredes', '21-OCT-18', '7025354455', '4 Golf View Trail', 'Las Vegas', 'Nevada', '89115', 'RNG');
insert into player (playerID, firstName, lastName, leagueJoinDate, phoneNumber, street, city, state, zip, teamID) values (82903363, 'Ronnie', 'Ivel', '27-JAN-18', '4143179890', '22 Corben Way', 'Milwaukee', 'Wisconsin', '53210', 'TLIQ');
insert into player (playerID, firstName, lastName, leagueJoinDate, phoneNumber, street, city, state, zip, teamID) values (36548172, 'Eziechiele', 'McWaters', '10-MAY-18', '9371633021', '08156 Southridge Trail', 'Hamilton', 'Ohio', '45020', 'IG');
insert into player (playerID, firstName, lastName, leagueJoinDate, phoneNumber, street, city, state, zip, teamID) values (50858032, 'Kerrill', 'Duley', '24-MAR-18', '7129162473', '80 Hayes Lane', 'Sioux City', 'Iowa', '51110', 'EFOX');
insert into player (playerID, firstName, lastName, leagueJoinDate, phoneNumber, street, city, state, zip, teamID) values (92703785, 'Jeanne', 'Rontsch', '09-DEC-15', '6611681157', '031 Thierer Point', 'Bakersfield', 'California', '93386', 'EFOX');
insert into player (playerID, firstName, lastName, leagueJoinDate, phoneNumber, street, city, state, zip, teamID) values (72475956, 'Shannan', 'Averill', '27-AUG-16', '8085189628', '4532 Chive Way', 'Honolulu', 'Hawaii', '96805', 'IG');
insert into player (playerID, firstName, lastName, leagueJoinDate, phoneNumber, street, city, state, zip, teamID) values (51949324, 'Annemarie', 'Braganca', '09-NOV-17', '2021011244', '92872 Bay Alley', 'Washington', 'District of Columbia', '20022', 'RNG');
insert into player (playerID, firstName, lastName, leagueJoinDate, phoneNumber, street, city, state, zip, teamID) values (12131991, 'Friedrich', 'Mudd', '08-JUL-18', '9045743380', '247 Westridge Terrace', 'Jacksonville', 'Florida', '32244', 'RNG');
insert into player (playerID, firstName, lastName, leagueJoinDate, phoneNumber, street, city, state, zip, teamID) values (96725261, 'Chucho', 'Sellek', '06-OCT-18', '6121587162', '28143 Sachs Way', 'Minneapolis', 'Minnesota', '55458', 'RNG');
insert into player (playerID, firstName, lastName, leagueJoinDate, phoneNumber, street, city, state, zip, teamID) values (33425449, 'Sheree', 'Piotrowski', '12-DEC-17', '6086574259', '66276 Sachtjen Crossing', 'Madison', 'Wisconsin', '53705', 'C9');
insert into player (playerID, firstName, lastName, leagueJoinDate, phoneNumber, street, city, state, zip, teamID) values (10185954, 'Stanley', 'Vamplus', '28-FEB-16', '4044153471', '827 Colorado Way', 'Atlanta', 'Georgia', '31106', 'C9');
insert into player (playerID, firstName, lastName, leagueJoinDate, phoneNumber, street, city, state, zip, teamID) values (78655175, 'Francyne', 'Muggleton', '27-DEC-16', '6147972399', '3 Dixon Junction', 'Columbus', 'Ohio', '43231', 'OPTG');
insert into player (playerID, firstName, lastName, leagueJoinDate, phoneNumber, street, city, state, zip, teamID) values (54835278, 'Drusie', 'Cornock', '18-APR-16', '6146376005', '6715 Walton Plaza', 'Columbus', 'Ohio', '43226', 'CLG');
insert into player (playerID, firstName, lastName, leagueJoinDate, phoneNumber, street, city, state, zip, teamID) values (14940834, 'Berkie', 'Dummett', '08-APR-16', '7163815609', '8114 Clemons Hill', 'Buffalo', 'New York', '14225', 'GG');
insert into player (playerID, firstName, lastName, leagueJoinDate, phoneNumber, street, city, state, zip, teamID) values (92631514, 'Wainwright', 'Fincke', '01-JAN-17', '5159055135', '73 Jenifer Trail', 'Des Moines', 'Iowa', '50320', 'GG');
insert into player (playerID, firstName, lastName, leagueJoinDate, phoneNumber, street, city, state, zip, teamID) values (19698459, 'Hobie', 'Deeley', '07-MAR-18', '4088826891', '2871 Laurel Point', 'San Jose', 'California', '95108', 'EFOX');
insert into player (playerID, firstName, lastName, leagueJoinDate, phoneNumber, street, city, state, zip, teamID) values (11070575, 'Danica', 'Rimer', '06-SEP-18', '9195446221', '1800 Norway Maple Alley', 'Raleigh', 'North Carolina', '27690', 'CLG');
insert into player (playerID, firstName, lastName, leagueJoinDate, phoneNumber, street, city, state, zip, teamID) values (93978018, 'Georgine', 'Utridge', '27-DEC-16', '3521209946', '306 Larry Hill', 'Spring Hill', 'Florida', '34611', 'IG');
insert into player (playerID, firstName, lastName, leagueJoinDate, phoneNumber, street, city, state, zip, teamID) values (99920655, 'Doro', 'Sibille', '11-FEB-16', '8588252466', '8252 Dorton Street', 'San Francisco', 'California', '94121', 'GG');






--INSERTS FOR TEAM TABLE
insert into team (teamID, teamCaptain, teamName, dateJoinedLeague, dateDisbanded, wins, draws, losses) values ('EFOX', 44387003, 'Echo Fox', '02-DEC-16', null, 46, 5, 26);
insert into team (teamID, teamCaptain, teamName, dateJoinedLeague, dateDisbanded, wins, draws, losses) values ('C9', 74137655, 'Cloud 9', '02-DEC-16', null, 67, 20, 23);
insert into team (teamID, teamCaptain, teamName, dateJoinedLeague, dateDisbanded, wins, draws, losses) values ('RNG', 51949324, 'Royale Never Giveup', '02-DEC-16', null, 68, 17, 27);
insert into team (teamID, teamCaptain, teamName, dateJoinedLeague, dateDisbanded, wins, draws, losses) values ('IG', 93978018, 'Invictus Gaming', '02-DEC-16', null, 67, 20, 10);
insert into team (teamID, teamCaptain, teamName, dateJoinedLeague, dateDisbanded, wins, draws, losses) values ('CLG', 11070575, 'Counter Logic Gaming', '02-DEC-16', null, 54, 11, 8);
insert into team (teamID, teamCaptain, teamName, dateJoinedLeague, dateDisbanded, wins, draws, losses) values ('GG', 99920655, 'Golden Gamers', '02-DEC-16', null, 56, 20, 5);
insert into team (teamID, teamCaptain, teamName, dateJoinedLeague, dateDisbanded, wins, draws, losses) values ('OPTG', 78655175, 'Optic Gaming', '02-DEC-16', null, 63, 10, 24);
insert into team (teamID, teamCaptain, teamName, dateJoinedLeague, dateDisbanded, wins, draws, losses) values ('TLIQ', 10459875, 'Team Liquid', '02-DEC-16', null, 34, 9, 21);






--INSERTS FOR TEAM ROSTER TABLE
insert into teamRoster (teamID, playerID, startDate, endDate) values ('EFOX', 44387003, '22-OCT-18', '14-JUL-19');
insert into teamRoster (teamID, playerID, startDate, endDate) values ('EFOX', 49649938, '22-OCT-18', '14-JUL-19');
insert into teamRoster (teamID, playerID, startDate, endDate) values ('EFOX', 50858032, '22-OCT-18', '14-JUL-19');
insert into teamRoster (teamID, playerID, startDate, endDate) values ('EFOX', 92703785, '22-OCT-18', '14-JUL-19');
insert into teamRoster (teamID, playerID, startDate, endDate) values ('EFOX', 19698459, '22-OCT-18', '14-JUL-19');

insert into teamRoster (teamID, playerID, startDate, endDate) values ('C9', 74137655, '22-OCT-18', '14-JUL-19');
insert into teamRoster (teamID, playerID, startDate, endDate) values ('C9', 61366023, '22-OCT-18', '14-JUL-19');
insert into teamRoster (teamID, playerID, startDate, endDate) values ('C9', 65255345, '22-OCT-18', '14-JUL-19');
insert into teamRoster (teamID, playerID, startDate, endDate) values ('C9', 33425449, '22-OCT-18', '14-JUL-19');
insert into teamRoster (teamID, playerID, startDate, endDate) values ('C9', 10185954, '22-OCT-18', '14-JUL-19');

insert into teamRoster (teamID, playerID, startDate, endDate) values ('RNG', 50600454, '22-OCT-18', '14-JUL-19');
insert into teamRoster (teamID, playerID, startDate, endDate) values ('RNG', 75408381, '22-OCT-18', '14-JUL-19');
insert into teamRoster (teamID, playerID, startDate, endDate) values ('RNG', 51949324, '22-OCT-18', '14-JUL-19');
insert into teamRoster (teamID, playerID, startDate, endDate) values ('RNG', 12131991, '22-OCT-18', '14-JUL-19');
insert into teamRoster (teamID, playerID, startDate, endDate) values ('RNG', 96725261, '22-OCT-18', '14-JUL-19');

insert into teamRoster (teamID, playerID, startDate, endDate) values ('IG', 93978018, '22-OCT-18', '14-JUL-19');
insert into teamRoster (teamID, playerID, startDate, endDate) values ('IG', 65214405, '22-OCT-18', '14-JUL-19');
insert into teamRoster (teamID, playerID, startDate, endDate) values ('IG', 45220895, '22-OCT-18', '14-JUL-19');
insert into teamRoster (teamID, playerID, startDate, endDate) values ('IG', 36548172, '22-OCT-18', '14-JUL-19');
insert into teamRoster (teamID, playerID, startDate, endDate) values ('IG', 72475956, '22-OCT-18', '14-JUL-19');

insert into teamRoster (teamID, playerID, startDate, endDate) values ('CLG', 40179815, '22-OCT-18', '14-JUL-19');
insert into teamRoster (teamID, playerID, startDate, endDate) values ('CLG', 22132327, '22-OCT-18', '14-JUL-19');
insert into teamRoster (teamID, playerID, startDate, endDate) values ('CLG', 72543581, '22-OCT-18', '14-JUL-19');
insert into teamRoster (teamID, playerID, startDate, endDate) values ('CLG', 11070575, '22-OCT-18', '14-JUL-19');
insert into teamRoster (teamID, playerID, startDate, endDate) values ('CLG', 54835278, '22-OCT-18', '14-JUL-19');

insert into teamRoster (teamID, playerID, startDate, endDate) values ('GG', 97634970, '22-OCT-18', '14-JUL-19');
insert into teamRoster (teamID, playerID, startDate, endDate) values ('GG', 99725931, '22-OCT-18', '14-JUL-19');
insert into teamRoster (teamID, playerID, startDate, endDate) values ('GG', 92631514, '22-OCT-18', '14-JUL-19');
insert into teamRoster (teamID, playerID, startDate, endDate) values ('GG', 99920655, '22-OCT-18', '14-JUL-19');
insert into teamRoster (teamID, playerID, startDate, endDate) values ('GG', 14940834, '22-OCT-18', '14-JUL-19');

insert into teamRoster (teamID, playerID, startDate, endDate) values ('OPTG', 48139564, '22-OCT-18', '14-JUL-19');
insert into teamRoster (teamID, playerID, startDate, endDate) values ('OPTG', 71161686, '22-OCT-18', '14-JUL-19');
insert into teamRoster (teamID, playerID, startDate, endDate) values ('OPTG', 52946455, '22-OCT-18', '14-JUL-19');
insert into teamRoster (teamID, playerID, startDate, endDate) values ('OPTG', 78655175, '22-OCT-18', '14-JUL-19');
insert into teamRoster (teamID, playerID, startDate, endDate) values ('OPTG', 60535874, '22-OCT-18', '14-JUL-19');

insert into teamRoster (teamID, playerID, startDate, endDate) values ('TLIQ', 99052761, '22-OCT-18', '14-JUL-19');
insert into teamRoster (teamID, playerID, startDate, endDate) values ('TLIQ', 93936355, '22-OCT-18', '14-JUL-19');
insert into teamRoster (teamID, playerID, startDate, endDate) values ('TLIQ', 42446905, '22-OCT-18', '14-JUL-19');
insert into teamRoster (teamID, playerID, startDate, endDate) values ('TLIQ', 10459875, '22-OCT-18', '14-JUL-19');
insert into teamRoster (teamID, playerID, startDate, endDate) values ('TLIQ', 82903363, '22-OCT-18', '14-JUL-19');






--INSERTS FOR BRACKET TABLE
--TWO QUALIFIER BRACKETS FOR THIS EXAMPLE
insert into bracket (bracketID, stage, startDate, endDate) values (25705094, 'Qualifiers', '10-OCT-19', '10-DEC-19');
insert into bracket (bracketID, stage, startDate, endDate) values (25703094, 'Qualifiers', '10-OCT-19', '10-DEC-19');





--INSERTS FOR BRACKET PLACEMENT TABLE
insert into bracketPlacement (bracketID, teamID) values (25705094, 'EFOX');
insert into bracketPlacement (bracketID, teamID) values (25705094, 'C9');
insert into bracketPlacement (bracketID, teamID) values (25705094, 'RNG');
insert into bracketPlacement (bracketID, teamID) values (25705094, 'IG');
insert into bracketPlacement (bracketID, teamID) values (25703094, 'CLG');
insert into bracketPlacement (bracketID, teamID) values (25703094, 'GG');
insert into bracketPlacement (bracketID, teamID) values (25703094, 'OPTG');
insert into bracketPlacement (bracketID, teamID) values (25703094, 'TLIQ');







--INSERTS FOR THE SPONSOR TABLE
insert into sponsor (sponsorID, sponsorName, category) values (27541809, 'Razer', 'Video Game');
insert into sponsor (sponsorID, sponsorName, category) values (39402121, 'Turtle Beach', 'Video Game');
insert into sponsor (sponsorID, sponsorName, category) values (25042615, 'Microsoft', 'Video Game');
insert into sponsor (sponsorID, sponsorName, category) values (62526486, 'Playstation', 'Video Game');
insert into sponsor (sponsorID, sponsorName, category) values (84946105, 'Hyper X', 'Video Game');
insert into sponsor (sponsorID, sponsorName, category) values (76825979, 'Razer', 'Video Game');








--INSERTS FOR THE SPONSORSHIPS TABLE
insert into sponsorships (sponsorID, teamID, startDate, endDate) values (27541809, 'EFOX', '28-FEB-18', '24-DEC-20');
insert into sponsorships (sponsorID, teamID, startDate, endDate) values (39402121, 'C9', '06-OCT-18', '28-AUG-21');
insert into sponsorships (sponsorID, teamID, startDate, endDate) values (25042615, 'RNG', '08-DEC-17', '03-JUN-21');
insert into sponsorships (sponsorID, teamID, startDate, endDate) values (62526486, 'IG', '03-NOV-18', '15-MAR-21');
insert into sponsorships (sponsorID, teamID, startDate, endDate) values (84946105, 'CLG', '22-DEC-17', '31-MAR-21');
insert into sponsorships (sponsorID, teamID, startDate, endDate) values (76825979, 'GG', '13-DEC-17', '22-AUG-21');
insert into sponsorships (sponsorID, teamID, startDate, endDate) values (27541809, 'OPTG', '11-SEP-18', '31-OCT-21');
insert into sponsorships (sponsorID, teamID, startDate, endDate) values (39402121, 'TLIQ', '18-FEB-18', '28-MAR-21');




--INSERTS FOR DEVELOPER TABLE
insert into developer (developerID, developerName) values (98661941, 'Riot Games');




--INSERTS FOR GAME TABLES
insert into game (gameID, developerID, gameName, gameDescription) values (68679929, 98661941, 'League Of Legends', 'League of Legends is a multiplayer online battle arena video game developed and published by Riot Games for Microsoft Windows and macOS.');




--INSERTS FOR GAME MODE TABLE
insert into gameMode (gameModeID, gameID, gameModeName, gameModeDescription) values (3870, 68679929, 'Summoners Rift', 'The gold standard for competitive League of Legends');







--INSERTS FOR PLAYER RANKING TABLE
insert into playerRanking (playerID, gameModeID, rank) values (99052761, 3870, 'Challenger');
insert into playerRanking (playerID, gameModeID, rank) values (60535874, 3870, 'Master5');
insert into playerRanking (playerID, gameModeID, rank) values (40179815, 3870, 'Master3');
insert into playerRanking (playerID, gameModeID, rank) values (74137655, 3870, 'Master5');
insert into playerRanking (playerID, gameModeID, rank) values (44387003, 3870, 'Master5');
insert into playerRanking (playerID, gameModeID, rank) values (93936355, 3870, 'Master3');
insert into playerRanking (playerID, gameModeID, rank) values (22132327, 3870, 'Master5');
insert into playerRanking (playerID, gameModeID, rank) values (72543581, 3870, 'Challenger');
insert into playerRanking (playerID, gameModeID, rank) values (48139564, 3870, 'Master4');
insert into playerRanking (playerID, gameModeID, rank) values (65214405, 3870, 'Master5');
insert into playerRanking (playerID, gameModeID, rank) values (61366023, 3870, 'Challenger');
insert into playerRanking (playerID, gameModeID, rank) values (49649938, 3870, 'Master3');
insert into playerRanking (playerID, gameModeID, rank) values (97634970, 3870, 'Challenger');
insert into playerRanking (playerID, gameModeID, rank) values (50600454, 3870, 'Master5');
insert into playerRanking (playerID, gameModeID, rank) values (65255345, 3870, 'Challenger');
insert into playerRanking (playerID, gameModeID, rank) values (42446905, 3870, 'Master3');
insert into playerRanking (playerID, gameModeID, rank) values (99725931, 3870, 'Master3');
insert into playerRanking (playerID, gameModeID, rank) values (45220895, 3870, 'Master3');
insert into playerRanking (playerID, gameModeID, rank) values (10459875, 3870, 'Challenger');
insert into playerRanking (playerID, gameModeID, rank) values (71161686, 3870, 'Challenger');
insert into playerRanking (playerID, gameModeID, rank) values (52946455, 3870, 'Master4');
insert into playerRanking (playerID, gameModeID, rank) values (75408381, 3870, 'Master3');
insert into playerRanking (playerID, gameModeID, rank) values (82903363, 3870, 'Challenger');
insert into playerRanking (playerID, gameModeID, rank) values (36548172, 3870, 'Master3');
insert into playerRanking (playerID, gameModeID, rank) values (50858032, 3870, 'Master4');
insert into playerRanking (playerID, gameModeID, rank) values (92703785, 3870, 'Challenger');
insert into playerRanking (playerID, gameModeID, rank) values (72475956, 3870, 'Master4');
insert into playerRanking (playerID, gameModeID, rank) values (51949324, 3870, 'Challenger');
insert into playerRanking (playerID, gameModeID, rank) values (12131991, 3870, 'Master5');
insert into playerRanking (playerID, gameModeID, rank) values (96725261, 3870, 'Challenger');
insert into playerRanking (playerID, gameModeID, rank) values (33425449, 3870, 'Master5');
insert into playerRanking (playerID, gameModeID, rank) values (10185954, 3870, 'Master3');
insert into playerRanking (playerID, gameModeID, rank) values (78655175, 3870, 'Master5');
insert into playerRanking (playerID, gameModeID, rank) values (54835278, 3870, 'Master4');
insert into playerRanking (playerID, gameModeID, rank) values (14940834, 3870, 'Master4');
insert into playerRanking (playerID, gameModeID, rank) values (92631514, 3870, 'Master4');
insert into playerRanking (playerID, gameModeID, rank) values (19698459, 3870, 'Master3');
insert into playerRanking (playerID, gameModeID, rank) values (11070575, 3870, 'Challenger');
insert into playerRanking (playerID, gameModeID, rank) values (93978018, 3870, 'Master5');
insert into playerRanking (playerID, gameModeID, rank) values (99920655, 3870, 'Master3');








--INSERTS FOR REFEREE TABLE
insert into referee (refereeID, firstName, lastName, leagueJoinDate) values (39325331, 'Bab', 'Crumpe', '07-MAY-2015');
insert into referee (refereeID, firstName, lastName, leagueJoinDate) values (68549923, 'Rosamond', 'Lanphere', '27-OCT-2015');
insert into referee (refereeID, firstName, lastName, leagueJoinDate) values (96467753, 'Darill', 'Harkes', '09-OCT-2015');
insert into referee (refereeID, firstName, lastName, leagueJoinDate) values (96790006, 'Amata', 'Buzek', '10-NOV-2015');
insert into referee (refereeID, firstName, lastName, leagueJoinDate) values (89844268, 'Whitman', 'Kleimt', '01-SEP-2015');
insert into referee (refereeID, firstName, lastName, leagueJoinDate) values (90349527, 'Joshua', 'Grunson', '02-OCT-2015');
insert into referee (refereeID, firstName, lastName, leagueJoinDate) values (39757132, 'Ave', 'Sommers', '06-DEC-2014');
insert into referee (refereeID, firstName, lastName, leagueJoinDate) values (26002767, 'Ginni', 'Watford', '03-NOV-2015');







--INSERTS FOR MATCH TABLE
--TEAMS FACED EACH OTHER 3 TIMES IN THE SAME BRACKET
insert into match (matchID, gameModeID, teamID1, teamID2, gameDate) values (93114823, 3870, 'EFOX', 'C9', '15-NOV-18');
insert into match (matchID, gameModeID, teamID1, teamID2, gameDate) values (73160520, 3870, 'RNG', 'IG', '15-NOV-18');
insert into match (matchID, gameModeID, teamID1, teamID2, gameDate) values (17923058, 3870, 'CLG', 'GG', '15-NOV-18');
insert into match (matchID, gameModeID, teamID1, teamID2, gameDate) values (55234044, 3870, 'OPTG', 'TLIQ', '15-NOV-18');

insert into match (matchID, gameModeID, teamID1, teamID2, gameDate) values (93214823, 3870, 'EFOX', 'C9', '16-NOV-18');
insert into match (matchID, gameModeID, teamID1, teamID2, gameDate) values (73260520, 3870, 'RNG', 'IG', '16-NOV-18');
insert into match (matchID, gameModeID, teamID1, teamID2, gameDate) values (17823058, 3870, 'CLG', 'GG', '16-NOV-18');
insert into match (matchID, gameModeID, teamID1, teamID2, gameDate) values (55334044, 3870, 'OPTG', 'TLIQ', '16-NOV-18');

insert into match (matchID, gameModeID, teamID1, teamID2, gameDate) values (93314823, 3870, 'EFOX', 'C9', '17-NOV-18');
insert into match (matchID, gameModeID, teamID1, teamID2, gameDate) values (73360520, 3870, 'RNG', 'IG', '17-NOV-18');
insert into match (matchID, gameModeID, teamID1, teamID2, gameDate) values (17723058, 3870, 'CLG', 'GG', '17-NOV-18');
insert into match (matchID, gameModeID, teamID1, teamID2, gameDate) values (55434044, 3870, 'OPTG', 'TLIQ', '17-NOV-18');

insert into match (matchID, gameModeID, teamID1, teamID2, gameDate) values (93414823, 3870, 'EFOX', 'RNG', '18-NOV-18');
insert into match (matchID, gameModeID, teamID1, teamID2, gameDate) values (73460520, 3870, 'C9', 'IG', '18-NOV-18');
insert into match (matchID, gameModeID, teamID1, teamID2, gameDate) values (17623058, 3870, 'CLG', 'OPTG', '18-NOV-18');
insert into match (matchID, gameModeID, teamID1, teamID2, gameDate) values (55534044, 3870, 'GG', 'TLIQ', '18-NOV-18');

insert into match (matchID, gameModeID, teamID1, teamID2, gameDate) values (93514823, 3870, 'EFOX', 'RNG', '19-NOV-18');
insert into match (matchID, gameModeID, teamID1, teamID2, gameDate) values (73560520, 3870, 'C9', 'IG', '19-NOV-18');
insert into match (matchID, gameModeID, teamID1, teamID2, gameDate) values (17523058, 3870, 'CLG', 'OPTG', '19-NOV-18');
insert into match (matchID, gameModeID, teamID1, teamID2, gameDate) values (55634044, 3870, 'GG', 'TLIQ', '19-NOV-18');

insert into match (matchID, gameModeID, teamID1, teamID2, gameDate) values (93614823, 3870, 'EFOX', 'RNG', '20-NOV-18');
insert into match (matchID, gameModeID, teamID1, teamID2, gameDate) values (73660520, 3870, 'C9', 'IG', '20-NOV-18');
insert into match (matchID, gameModeID, teamID1, teamID2, gameDate) values (17423058, 3870, 'CLG', 'OPTG', '20-NOV-18');
insert into match (matchID, gameModeID, teamID1, teamID2, gameDate) values (55734044, 3870, 'GG', 'TLIQ', '20-NOV-18');









--INSERTS FOR REFEREES TABLE
insert into referees (refereeID, matchID) values (39325331, 93114823);
insert into referees (refereeID, matchID) values (39325331, 73160520);
insert into referees (refereeID, matchID) values (39325331, 17923058);
insert into referees (refereeID, matchID) values (39325331, 55234044);
insert into referees (refereeID, matchID) values (68549923, 93114823);
insert into referees (refereeID, matchID) values (68549923, 73160520);
insert into referees (refereeID, matchID) values (68549923, 17923058);
insert into referees (refereeID, matchID) values (68549923, 55234044);

insert into referees (refereeID, matchID) values (96467753, 93214823);
insert into referees (refereeID, matchID) values (96467753, 73260520);
insert into referees (refereeID, matchID) values (96467753, 17823058);
insert into referees (refereeID, matchID) values (96467753, 55334044);
insert into referees (refereeID, matchID) values (96790006, 93214823);
insert into referees (refereeID, matchID) values (96790006, 73260520);
insert into referees (refereeID, matchID) values (96790006, 17823058);
insert into referees (refereeID, matchID) values (96790006, 55334044);

insert into referees (refereeID, matchID) values (89844268, 93314823);
insert into referees (refereeID, matchID) values (89844268, 73360520);
insert into referees (refereeID, matchID) values (89844268, 17723058);
insert into referees (refereeID, matchID) values (89844268, 55434044);
insert into referees (refereeID, matchID) values (90349527, 93314823);
insert into referees (refereeID, matchID) values (90349527, 73360520);
insert into referees (refereeID, matchID) values (90349527, 17723058);
insert into referees (refereeID, matchID) values (90349527, 55434044);

insert into referees (refereeID, matchID) values (39757132, 93414823);
insert into referees (refereeID, matchID) values (39757132, 73460520);
insert into referees (refereeID, matchID) values (39757132, 17623058);
insert into referees (refereeID, matchID) values (39757132, 55534044);
insert into referees (refereeID, matchID) values (26002767, 93414823);
insert into referees (refereeID, matchID) values (26002767, 73460520);
insert into referees (refereeID, matchID) values (26002767, 17623058);
insert into referees (refereeID, matchID) values (26002767, 55534044);

insert into referees (refereeID, matchID) values (39325331, 93514823);
insert into referees (refereeID, matchID) values (39325331, 73560520);
insert into referees (refereeID, matchID) values (39325331, 17523058);
insert into referees (refereeID, matchID) values (39325331, 55634044);
insert into referees (refereeID, matchID) values (68549923, 93514823);
insert into referees (refereeID, matchID) values (68549923, 73560520);
insert into referees (refereeID, matchID) values (68549923, 17523058);
insert into referees (refereeID, matchID) values (68549923, 55634044);

insert into referees (refereeID, matchID) values (96467753, 93614823);
insert into referees (refereeID, matchID) values (96467753, 73660520);
insert into referees (refereeID, matchID) values (96467753, 17423058);
insert into referees (refereeID, matchID) values (96467753, 55734044);
insert into referees (refereeID, matchID) values (96790006, 93614823);
insert into referees (refereeID, matchID) values (96790006, 73660520);
insert into referees (refereeID, matchID) values (96790006, 17423058);
insert into referees (refereeID, matchID) values (96790006, 55734044);